{"products":[{"id":"0.17528648694816606","qty":1}],"totalPrice":-26.879999999999995}